{"cameraMode":{"drawMode":0,"name":"Shaded","section":"Shading Mode"},"sceneLighting":true,"audioPlay":false,"sceneViewState":{"showFog":false,"showMaterialUpdate":false,"showSkybox":false,"showFlares":false,"showImageEffects":false,"showParticleSystems":false},"in2DMode":false,"pivot":{"x":-8.598335266113282,"y":9.38895034790039,"z":-18.985395431518556},"rotation":{"x":0.34207862615585329,"y":0.307587206363678,"z":-0.11957734078168869,"w":0.8798333406448364},"size":84.4603500366211,"orthographic":false}